Accounts of Chemical Research,http://feeds.feedburner.com/acs/achre4
ACS Applied Bio Materials,http://feeds.feedburner.com/acs/aabmcb
ACS Applied Electronic Materials,http://feeds.feedburner.com/acs/aaembp
ACS Applied Energy Materials,http://feeds.feedburner.com/acs/aaemcq
ACS Applied Materials & Interfaces,http://feeds.feedburner.com/acs/aamick
ACS Applied Nano Materials,http://feeds.feedburner.com/acs/aanmf6
ACS Applied Polymer Materials,http://feeds.feedburner.com/acs/aapmcd
ACS Biomaterials Science & Engineering,http://feeds.feedburner.com/acs/abseba
ACS Catalysis,http://feeds.feedburner.com/acs/accacs
ACS Central Science,http://feeds.feedburner.com/acs/acscii
ACS Chemical Biology,http://feeds.feedburner.com/acs/acbcct
ACS Chemical Health & Safety,http://feeds.feedburner.com/acs/achsc5
ACS Chemical Neuroscience,http://feeds.feedburner.com/acs/acncdm
ACS Combinatorial Science,http://feeds.feedburner.com/acs/acsccc
ACS Earth and Space Chemistry,http://feeds.feedburner.com/acs/aesccq1
ACS Editors' Choice,http://pubs.acs.org/editorschoice/feed/rss
ACS Energy Letters,http://feeds.feedburner.com/acs/aelccp
ACS Infectious Diseases,http://feeds.feedburner.com/acs/aidcbc
